name,name_token,dob,dob_token,email,email_token
Quentin Blatchford,64376-633,1998-02-15,63629-4174,qblatchford0@gov.uk,68737-231
Cybill Bromage,66336-224,2012-03-10,37000-179,cbromage1@furl.net,43857-0178
Matthew Ellsbury,10742-8130,1994-06-06,0363-0529,mellsbury2@taobao.com,67544-106
Perla Estabrook,48102-008,1998-01-08,67544-250,pestabrook3@imageshack.us,0131-2477
Korney Slinn,55111-739,1993-01-14,55312-720,kslinn4@google.it,0268-0931
Mead Kells,36987-3325,2004-07-16,49483-242,mkells5@miitbeian.gov.cn,0185-0072
Beth Blood,45124-001,2009-01-19,49817-0046,bblood6@cdc.gov,50436-9787
Trudi Jealous,53208-507,1993-04-15,43333-441,tjealous7@alexa.com,76282-274
Amos Stubbeley,50474-597,2007-08-09,43063-077,astubbeley8@google.nl,55910-392
Jonah Humbee,52797-020,2011-04-24,0462-0263,jhumbee9@amazon.com,37000-237
Giuditta Astley,49035-235,2010-07-20,0143-1265,gastleya@yolasite.com,60760-465
Dulcinea Richens,60793-131,2006-12-26,50436-6409,drichensb@issuu.com,59779-936
Louis Boosey,57520-0542,2000-08-16,43857-0300,lbooseyc@goo.gl,52565-012
Roby Ackhurst,0615-7773,2001-12-01,0869-0318,rackhurstd@weibo.com,43269-821
Hanny Cecchi,55154-2678,1996-06-22,42254-114,hcecchie@bandcamp.com,63323-117
Malia Everex,40046-0037,2011-04-13,59762-5033,meverexf@wordpress.org,52686-273
Glenn Trees,65044-3555,2004-11-14,46994-368,gtreesg@technorati.com,68745-1037
Betta Loosely,37000-116,2007-08-02,0781-5229,blooselyh@webnode.com,41250-263
Westbrook Fickling,68196-147,1993-04-10,49035-094,wficklingi@ehow.com,10702-005
Tremayne Alasdair,63717-332,1990-02-15,36987-2586,talasdairj@jigsy.com,62171-060
Ross Death,54868-2415,1989-10-13,55154-1132,rdeathk@sakura.ne.jp,24236-341
Bliss Ledward,63629-1344,2010-07-02,0143-9710,bledwardl@thetimes.co.uk,0074-4456
Ferdy Walworth,60846-803,1991-10-25,52584-040,fwalworthm@webmd.com,0904-5928
Elspeth Mutter,54868-5841,2000-06-23,58318-002,emuttern@ucsd.edu,65162-302
Janek Cawthera,66472-023,1995-08-13,37000-803,jcawtherao@bloomberg.com,41163-426
Carry Mundow,0054-0522,2007-02-20,65044-4857,cmundowp@slate.com,68988-030
Randie Weems,11822-0292,1996-09-27,66586-1073,rweemsq@wix.com,49288-0190
Nelia Bole,21695-659,2012-08-10,10096-0149,nboler@typepad.com,52125-898
Eleanor Boyet,0603-1450,1998-11-08,0603-6151,eboyets@statcounter.com,17433-9882
Kevan Yakob,10742-6748,1997-07-02,0615-7576,kyakobt@163.com,0591-3213
Moll O'Currine,0268-1013,2012-04-11,54868-6066,mocurrineu@github.io,0781-6023
Sacha Joreau,49349-224,2001-12-20,64679-703,sjoreauv@newyorker.com,51079-557
Hershel Bew,61957-0005,1998-06-05,63029-501,hbeww@gov.uk,46084-041
Fin Carwithan,10096-0224,1993-08-11,68391-544,fcarwithanx@squarespace.com,68084-088
Pete Mandre,54482-145,2001-10-24,57664-162,pmandrey@google.co.uk,55910-369
Saunders Keymer,61957-2105,1992-10-03,36987-2038,skeymerz@mlb.com,33261-131
Teador Habershon,0781-5252,1990-06-30,64376-811,thabershon10@ycombinator.com,33992-1500
Emelita Martyntsev,64117-241,1989-04-01,55111-229,emartyntsev11@discovery.com,54868-4730
Lyda Kunert,0268-6761,2001-10-21,57520-0182,lkunert12@infoseek.co.jp,48951-5032
Shermie Matiasek,68703-111,2010-03-26,49349-740,smatiasek13@theglobeandmail.com,57520-0725
Clarabelle Burtonshaw,61958-0501,1991-12-19,60635-118,cburtonshaw14@gizmodo.com,50436-1332
Aaron Bolles,53489-552,2012-02-19,51079-991,abolles15@economist.com,58411-114
Rebe Behne,67226-1020,2008-09-04,55714-1512,rbehne16@mlb.com,36987-1495
Hermione Klimko,48433-347,2001-10-14,55910-026,hklimko17@youku.com,36800-923
Carmella Gisburn,16571-303,1995-10-30,60512-6075,cgisburn18@yellowpages.com,0904-6177
Minnaminnie Maven,33261-951,1994-07-30,16729-030,mmaven19@weibo.com,61477-201
Jaynell Westphal,43063-374,1997-07-09,20367-134,jwestphal1a@nydailynews.com,50436-9023
Glendon Woodyeare,17156-611,2002-06-17,65862-250,gwoodyeare1b@jimdo.com,10096-0321
Joelynn Keedwell,36987-1380,2007-12-11,0054-8531,jkeedwell1c@msn.com,37205-024
Carmina Keywood,61715-039,2012-03-16,52125-180,ckeywood1d@examiner.com,55319-271
Douglas Gerson,55154-1399,1999-04-10,14505-399,dgerson1e@accuweather.com,59667-0069
Verena Fairs,59450-200,2010-05-17,58118-1404,vfairs1f@ask.com,0299-5770
Rozele MacElroy,53808-0278,2005-02-24,49349-474,rmacelroy1g@bing.com,67938-0802
Ingar Yewen,54868-5299,1998-05-18,53462-120,iyewen1h@phpbb.com,64205-006
Mozes Waterhowse,68788-9135,1999-11-09,16590-596,mwaterhowse1i@constantcontact.com,52125-033
Linn MacGruer,55154-5471,2007-08-23,55154-7701,lmacgruer1j@cloudflare.com,0406-0123
Delbert Ferenczy,0113-1165,2009-03-13,51009-203,dferenczy1k@fc2.com,55154-6640
Winonah Mouser,48951-1227,1995-05-01,49288-0936,wmouser1l@nsw.gov.au,54868-5781
Amy Skatcher,66975-353,1991-04-22,75847-1101,askatcher1m@about.me,11489-077
Oralle Dax,42926-164,2002-12-14,43353-491,odax1n@lycos.com,49527-727
Em Headon,50964-060,1991-03-06,60512-6611,eheadon1o@earthlink.net,52533-100
Sherman Hodgets,13537-029,1991-09-18,58118-0999,shodgets1p@cyberchimps.com,45802-206
Wright Wybrow,52125-291,1998-05-12,47593-521,wwybrow1q@theatlantic.com,49738-544
Roselia Hayler,68016-190,1997-07-21,76237-117,rhayler1r@adobe.com,0615-5501
Elijah Rosengren,75939-9876,1998-06-15,62168-0086,erosengren1s@apple.com,53499-1390
Dermot Dod,0409-7074,1996-08-27,63981-441,ddod1t@google.co.uk,36800-229
Davidson MacKniely,49288-0443,1991-01-22,65517-0002,dmackniely1u@sakura.ne.jp,37000-320
Iver Mathou,40042-047,2006-12-24,0603-5192,imathou1v@acquirethisname.com,59535-5501
Tracie Masic,43479-301,2000-05-08,55154-1476,tmasic1w@google.nl,51224-400
Dionysus Sill,68151-2112,1993-10-31,55312-926,dsill1x@nydailynews.com,23635-408
Amy Maffulli,0603-1290,1992-08-24,68180-114,amaffulli1y@discovery.com,49288-0026
Johnath Scardifield,64679-421,2008-01-04,14290-313,jscardifield1z@skyrock.com,63629-3383
Berte Fortnum,0143-3126,2005-02-12,49349-844,bfortnum20@comcast.net,50268-615
Tarah Souley,0179-0155,1998-07-14,66129-434,tsouley21@biblegateway.com,41163-090
Nealy Crickett,10812-420,1988-12-13,36987-3260,ncrickett22@technorati.com,27854-103
Zollie Wakefield,49643-360,2004-01-14,51079-801,zwakefield23@pinterest.com,37000-158
Dinah Swatton,52915-080,2009-08-12,51523-008,dswatton24@shop-pro.jp,0378-2660
Rolf Gyppes,36987-1272,2000-12-20,68276-004,rgyppes25@nymag.com,66336-028
Ezekiel Ovesen,68084-198,1997-02-14,55910-033,eovesen26@independent.co.uk,68169-0094
Mellisent Mandrier,49349-722,1999-03-24,0955-1020,mmandrier27@redcross.org,59779-909
Melony Billie,43538-601,2011-12-28,49614-134,mbillie28@ihg.com,0143-9786
Maurene Roobottom,36987-1968,2008-12-01,0517-0731,mroobottom29@intel.com,36987-1444
Catherina Papes,55111-476,2009-11-11,41520-522,cpapes2a@facebook.com,13548-011
Georges Tregensoe,0268-0137,2001-02-11,0046-1065,gtregensoe2b@google.nl,63459-177
Byron Wilcott,60505-2876,2002-09-26,48878-4041,bwilcott2c@icio.us,54569-2930
Booth Heynen,11822-0509,2002-05-17,68479-220,bheynen2d@mtv.com,43742-0135
Geoffrey Zamudio,37012-490,1989-09-12,0268-0865,gzamudio2e@uiuc.edu,43063-047
Caryl Riccio,65044-2315,2008-01-18,61442-112,criccio2f@bigcartel.com,49349-697
Daune Voelker,0268-1148,1992-12-01,51808-210,dvoelker2g@ovh.net,0220-9067
Madeline Shalders,10210-0011,1993-09-14,50845-0204,mshalders2h@reference.com,54973-3188
Joaquin Szanto,11331-001,1991-11-08,67253-380,jszanto2i@hp.com,43269-903
Nicolea Asser,60505-2782,2011-01-18,49643-384,nasser2j@dailymail.co.uk,54973-3161
Meryl Give,18860-321,1995-02-23,0029-1526,mgive2k@example.com,0093-0073
Seward Barabisch,43492-0001,2001-07-31,55154-9563,sbarabisch2l@dion.ne.jp,63629-1434
Ailbert Vickar,0316-0140,1996-05-05,50742-139,avickar2m@statcounter.com,68788-0426
Janaye Baden,37205-730,2006-10-06,55648-743,jbaden2n@cornell.edu,68405-580
Carolan Reddings,49817-0068,1996-12-16,50232-001,creddings2o@flavors.me,41250-130
Elicia Luke,11118-1023,2000-05-06,37000-020,eluke2p@reuters.com,59779-277
Tomkin Aspy,23155-244,2011-10-21,50383-732,taspy2q@hexun.com,55277-1001
Skipper McGeraghty,50845-0173,2005-09-16,49348-722,smcgeraghty2r@paginegialle.it,55154-3679
